{"REWARD PER EPISODE TRAINED":5,"LOSS PER GAME":-3.3025357723236084,"AVERAGE REWARD":5.2,"_wandb":{"runtime":32505},"_timestamp":1.7334395901027284e+09,"_runtime":32505.320678473,"_step":5999}